area,duration,dispersion
area_1,0,0.0
area_2,28926,98.17430385573333
area_3,25,34.532593299664015
area_2,49970,108.7828021324999
area_3,33,2.9154759474226504
area_1,511,62.76489543339837
area_2,0,0.0
area_3,181,24.928698321412615
area_1,44,28.0941275002446
area_3,487,13.49752659827967
area_2,6609,142.40532917618563
